{
    "Logistic Regression": {
        "accuracy": 0.7207792207792207,
        "precision": 0.5833333333333334,
        "recall": 0.7636363636363637,
        "f1_score": 0.6614173228346457,
        "roc_auc": 0.8246097337006428,
        "cv_f1": 0.6851309248975687
    },
    "Random Forest": {
        "accuracy": 0.7532467532467533,
        "precision": 0.6197183098591549,
        "recall": 0.8,
        "f1_score": 0.6984126984126984,
        "roc_auc": 0.8297520661157025,
        "cv_f1": 0.6955832471621944
    },
    "XGBoost": {
        "accuracy": 0.7467532467532467,
        "precision": 0.6212121212121212,
        "recall": 0.7454545454545455,
        "f1_score": 0.6776859504132231,
        "roc_auc": 0.8372819100091827,
        "cv_f1": 0.6757703026286477
    },
    "Neural Network": {
        "accuracy": 0.7467532467532467,
        "precision": 0.6666666666666666,
        "recall": 0.5818181818181818,
        "f1_score": 0.6213592233009708,
        "roc_auc": 0.8066115702479338,
        "cv_f1": 0.6434831811131949
    }
}