{
    "Logistic Regression": {
        "accuracy": 0.7467532467532467,
        "precision": 0.625,
        "recall": 0.7272727272727273,
        "f1_score": 0.6722689075630253,
        "roc_auc": 0.8123048668503213,
        "cv_f1": 0.6923395445134575
    },
    "Random Forest": {
        "accuracy": 0.7792207792207793,
        "precision": 0.6842105263157895,
        "recall": 0.7090909090909091,
        "f1_score": 0.6964285714285714,
        "roc_auc": 0.8252525252525252,
        "cv_f1": 0.6488703239580433
    },
    "XGBoost": {
        "accuracy": 0.7272727272727273,
        "precision": 0.6,
        "recall": 0.7090909090909091,
        "f1_score": 0.65,
        "roc_auc": 0.8168962350780532,
        "cv_f1": 0.6706415852316431
    },
    "Neural Network": {
        "accuracy": 0.7272727272727273,
        "precision": 0.6511627906976745,
        "recall": 0.509090909090909,
        "f1_score": 0.5714285714285714,
        "roc_auc": 0.8067952249770431,
        "cv_f1": 0.6027608008429927
    }
}