{
    "LogisticRegression": {
        "accuracy": 0.750814332247557,
        "precision": 0.6153846153846154,
        "recall": 0.7511737089201878,
        "f1": 0.6765327695560254,
        "roc_auc": 0.8428459368011895
    },
    "RandomForest": {
        "accuracy": 0.747557003257329,
        "precision": 0.6494845360824743,
        "recall": 0.5915492957746479,
        "f1": 0.6191646191646192,
        "roc_auc": 0.8200391041176402
    },
    "XGBoost": {
        "accuracy": 0.739413680781759,
        "precision": 0.6331658291457286,
        "recall": 0.5915492957746479,
        "f1": 0.6116504854368932,
        "roc_auc": 0.792701345228478
    },
    "NeuralNetwork": {
        "accuracy": 0.757328990228013,
        "precision": 0.6568627450980392,
        "recall": 0.6291079812206573,
        "f1": 0.6426858513189448,
        "roc_auc": 0.8222401742123564
    }
}