{
    "Logistic Regression": {
        "accuracy": 0.7467532467532467,
        "precision": 0.625,
        "recall": 0.7272727272727273,
        "f1_score": 0.6722689075630253,
        "roc_auc": 0.8123048668503213,
        "cv_f1": 0.6923395445134575
    },
    "Random Forest": {
        "accuracy": 0.7792207792207793,
        "precision": 0.6842105263157895,
        "recall": 0.7090909090909091,
        "f1_score": 0.6964285714285714,
        "roc_auc": 0.8252525252525252,
        "cv_f1": 0.6488703239580433
    },
    "XGBoost": {
        "accuracy": 0.7532467532467533,
        "precision": 0.6268656716417911,
        "recall": 0.7636363636363637,
        "f1_score": 0.6885245901639344,
        "roc_auc": 0.8205693296602388,
        "cv_f1": 0.6427287219913479
    },
    "Neural Network": {
        "accuracy": 0.7467532467532467,
        "precision": 0.6333333333333333,
        "recall": 0.6909090909090909,
        "f1_score": 0.6608695652173913,
        "roc_auc": 0.7856749311294765,
        "cv_f1": 0.6514544650352312
    }
}