{
    "Logistic Regression": {
        "accuracy": 0.7792207792207793,
        "precision": 0.7441860465116279,
        "recall": 0.5818181818181818,
        "f1_score": 0.6530612244897959,
        "roc_auc": 0.8123048668503213,
        "cv_f1": 0.6923395445134575
    },
    "Random Forest": {
        "accuracy": 0.7467532467532467,
        "precision": 0.7857142857142857,
        "recall": 0.4,
        "f1_score": 0.5301204819277109,
        "roc_auc": 0.8252525252525252,
        "cv_f1": 0.6488703239580433
    },
    "XGBoost": {
        "accuracy": 0.7857142857142857,
        "precision": 0.6964285714285714,
        "recall": 0.7090909090909091,
        "f1_score": 0.7027027027027027,
        "roc_auc": 0.8205693296602388,
        "cv_f1": 0.6427287219913479
    },
    "Neural Network": {
        "accuracy": 0.7467532467532467,
        "precision": 0.6904761904761905,
        "recall": 0.5272727272727272,
        "f1_score": 0.5979381443298969,
        "roc_auc": 0.7856749311294765,
        "cv_f1": 0.6514544650352312
    }
}