{
    "best_model": "LogisticRegression",
    "best_cv_roc_auc": 0.8428459368011895,
    "all_results": {
        "LogisticRegression": {
            "cv_metrics": {
                "accuracy": 0.750814332247557,
                "precision": 0.6153846153846154,
                "recall": 0.7511737089201878,
                "f1": 0.6765327695560254,
                "roc_auc": 0.8428459368011895
            },
            "test_metrics": {
                "accuracy": 0.7337662337662337,
                "precision": 0.6060606060606061,
                "recall": 0.7272727272727273,
                "f1": 0.6611570247933884,
                "roc_auc": 0.8189164370982553
            }
        },
        "RandomForest": {
            "cv_metrics": {
                "accuracy": 0.749185667752443,
                "precision": 0.6512820512820513,
                "recall": 0.596244131455399,
                "f1": 0.6225490196078431,
                "roc_auc": 0.8199044641916335
            },
            "test_metrics": {
                "accuracy": 0.7532467532467533,
                "precision": 0.6491228070175439,
                "recall": 0.6727272727272727,
                "f1": 0.6607142857142857,
                "roc_auc": 0.8294765840220385
            }
        },
        "XGBoost": {
            "cv_metrics": {
                "accuracy": 0.7312703583061889,
                "precision": 0.6121495327102804,
                "recall": 0.6150234741784038,
                "f1": 0.6135831381733021,
                "roc_auc": 0.7844941636519029
            },
            "test_metrics": {
                "accuracy": 0.7597402597402597,
                "precision": 0.65,
                "recall": 0.7090909090909091,
                "f1": 0.6782608695652174,
                "roc_auc": 0.825528007346189
            }
        },
        "NeuralNetwork": {
            "cv_metrics": {
                "accuracy": 0.752442996742671,
                "precision": 0.6502463054187192,
                "recall": 0.6197183098591549,
                "f1": 0.6346153846153846,
                "roc_auc": 0.8218538161638158
            },
            "test_metrics": {
                "accuracy": 0.7467532467532467,
                "precision": 0.6379310344827587,
                "recall": 0.6727272727272727,
                "f1": 0.6548672566371682,
                "roc_auc": 0.8236914600550964
            }
        }
    }
}