{
    "best_params": {
        "n_estimators": 284,
        "max_depth": 3,
        "learning_rate": 0.010223242195596113,
        "subsample": 0.7266916177018716,
        "colsample_bytree": 0.8480843265018205
    },
    "best_accuracy": 0.8407473032279233
}