{
    "model": "LogisticRegression",
    "best_params": {
        "solver": "lbfgs",
        "C": 0.04612531788583423,
        "class_weight": null
    },
    "cv_roc_auc": 0.8569787436938598,
    "test_metrics": {
        "accuracy": 0.7727272727272727,
        "precision": 0.717391304347826,
        "recall": 0.6,
        "f1": 0.6534653465346535,
        "roc_auc": 0.8185491276400367
    }
}