{
    "model": "LogisticRegression",
    "best_params": {
        "solver": "liblinear",
        "penalty": "l2",
        "C": 0.05388479468491703,
        "class_weight": null
    },
    "cv_roc_auc": 0.8569724717334537,
    "test_metrics": {
        "accuracy": 0.7597402597402597,
        "precision": 0.6730769230769231,
        "recall": 0.6363636363636364,
        "f1": 0.6542056074766355,
        "roc_auc": 0.8159779614325069
    }
}